<?xml version="1.0" encoding="UTF-8"?>
<GenRun Id="impl_1" LaunchPart="xc7a35tcsg324-3" LaunchTime="1498470912">
  <File Type="PWROPT-DRC" Name="lift_stu_drc_pwropted.rpt"/>
  <File Type="OPT-METHODOLOGY-DRC" Name="lift_stu_methodology_drc_opted.rpt"/>
  <File Type="INIT-TIMING" Name="lift_stu_timing_summary_init.rpt"/>
  <File Type="ROUTE-PWR-RPX" Name="lift_stu_power_routed.rpx"/>
  <File Type="PA-TCL" Name="lift_stu.tcl"/>
  <File Type="OPT-HWDEF" Name="lift_stu.hwdef"/>
  <File Type="RDI-RDI" Name="lift_stu.vdi"/>
  <File Type="OPT-DCP" Name="lift_stu_opt.dcp"/>
  <File Type="OPT-DRC" Name="lift_stu_drc_opted.rpt"/>
  <File Type="OPT-TIMING" Name="lift_stu_timing_summary_opted.rpt"/>
  <File Type="PWROPT-DCP" Name="lift_stu_pwropt.dcp"/>
  <File Type="PWROPT-TIMING" Name="lift_stu_timing_summary_pwropted.rpt"/>
  <File Type="PLACE-DCP" Name="lift_stu_placed.dcp"/>
  <File Type="PLACE-IO" Name="lift_stu_io_placed.rpt"/>
  <File Type="PLACE-CLK" Name="lift_stu_clock_utilization_placed.rpt"/>
  <File Type="PLACE-UTIL" Name="lift_stu_utilization_placed.rpt"/>
  <File Type="PLACE-UTIL-PB" Name="lift_stu_utilization_placed.pb"/>
  <File Type="PLACE-CTRL" Name="lift_stu_control_sets_placed.rpt"/>
  <File Type="PLACE-SIMILARITY" Name="lift_stu_incremental_reuse_placed.rpt"/>
  <File Type="PLACE-PRE-SIMILARITY" Name="lift_stu_incremental_reuse_pre_placed.rpt"/>
  <File Type="PLACE-TIMING" Name="lift_stu_timing_summary_placed.rpt"/>
  <File Type="POSTPLACE-PWROPT-DCP" Name="lift_stu_postplace_pwropt.dcp"/>
  <File Type="POSTPLACE-PWROPT-TIMING" Name="lift_stu_timing_summary_postplace_pwropted.rpt"/>
  <File Type="PHYSOPT-DCP" Name="lift_stu_physopt.dcp"/>
  <File Type="PHYSOPT-DRC" Name="lift_stu_drc_physopted.rpt"/>
  <File Type="PHYSOPT-TIMING" Name="lift_stu_timing_summary_physopted.rpt"/>
  <File Type="ROUTE-ERROR-DCP" Name="lift_stu_routed_error.dcp"/>
  <File Type="ROUTE-DCP" Name="lift_stu_routed.dcp"/>
  <File Type="ROUTE-BLACKBOX-DCP" Name="lift_stu_routed_bb.dcp"/>
  <File Type="ROUTE-DRC" Name="lift_stu_drc_routed.rpt"/>
  <File Type="ROUTE-DRC-PB" Name="lift_stu_drc_routed.pb"/>
  <File Type="BG-BIN" Name="lift_stu.bin"/>
  <File Type="ROUTE-DRC-RPX" Name="lift_stu_drc_routed.rpx"/>
  <File Type="BG-DRC" Name="lift_stu.drc"/>
  <File Type="ROUTE-METHODOLOGY-DRC" Name="lift_stu_methodology_drc_routed.rpt"/>
  <File Type="BITSTR-MSK" Name="lift_stu.msk"/>
  <File Type="ROUTE-METHODOLOGY-DRC-RPX" Name="lift_stu_methodology_drc_routed.rpx"/>
  <File Type="BG-BGN" Name="lift_stu.bgn"/>
  <File Type="ROUTE-METHODOLOGY-DRC-PB" Name="lift_stu_methodology_drc_routed.pb"/>
  <File Type="ROUTE-PWR" Name="lift_stu_power_routed.rpt"/>
  <File Type="ROUTE-PWR-SUM" Name="lift_stu_power_summary_routed.pb"/>
  <File Type="ROUTE-STATUS" Name="lift_stu_route_status.rpt"/>
  <File Type="ROUTE-STATUS-PB" Name="lift_stu_route_status.pb"/>
  <File Type="ROUTE-TIMINGSUMMARY" Name="lift_stu_timing_summary_routed.rpt"/>
  <File Type="ROUTE-TIMING-PB" Name="lift_stu_timing_summary_routed.pb"/>
  <File Type="ROUTE-TIMING-RPX" Name="lift_stu_timing_summary_routed.rpx"/>
  <File Type="ROUTE-SIMILARITY" Name="lift_stu_incremental_reuse_routed.rpt"/>
  <File Type="ROUTE-CLK" Name="lift_stu_clock_utilization_routed.rpt"/>
  <File Type="POSTROUTE-PHYSOPT-DCP" Name="lift_stu_postroute_physopt.dcp"/>
  <File Type="POSTROUTE-PHYSOPT-BLACKBOX-DCP" Name="lift_stu_postroute_physopt_bb.dcp"/>
  <File Type="POSTROUTE-PHYSOPT-TIMING" Name="lift_stu_timing_summary_postroute_physopted.rpt"/>
  <File Type="POSTROUTE-PHYSOPT-TIMING-PB" Name="lift_stu_timing_summary_postroute_physopted.pb"/>
  <File Type="POSTROUTE-PHYSOPT-TIMING-RPX" Name="lift_stu_timing_summary_postroute_physopted.rpx"/>
  <File Type="BG-BIT" Name="lift_stu.bit"/>
  <File Type="BITSTR-RBT" Name="lift_stu.rbt"/>
  <File Type="BITSTR-NKY" Name="lift_stu.nky"/>
  <File Type="BITSTR-BMM" Name="lift_stu_bd.bmm"/>
  <File Type="BITSTR-MMI" Name="lift_stu.mmi"/>
  <File Type="BITSTR-SYSDEF" Name="lift_stu.sysdef"/>
  <File Type="WBT-USG" Name="usage_statistics_webtalk.html"/>
  <FileSet Name="sources" Type="DesignSrcs" RelSrcDir="$PSRCDIR/sources_1">
    <Filter Type="Srcs"/>
    <File Path="$PSRCDIR/sources_1/new/lift_stu.v">
      <FileInfo>
        <Attr Name="UsedIn" Val="synthesis"/>
        <Attr Name="UsedIn" Val="implementation"/>
        <Attr Name="UsedIn" Val="simulation"/>
      </FileInfo>
    </File>
    <Config>
      <Option Name="DesignMode" Val="RTL"/>
      <Option Name="TopModule" Val="lift_stu"/>
      <Option Name="TopAutoSet" Val="TRUE"/>
    </Config>
  </FileSet>
  <FileSet Name="constrs_in" Type="Constrs" RelSrcDir="$PSRCDIR/constrs_1">
    <Filter Type="Constrs"/>
    <File Path="$PSRCDIR/constrs_1/new/lift_stu.xdc">
      <FileInfo>
        <Attr Name="UsedIn" Val="synthesis"/>
        <Attr Name="UsedIn" Val="implementation"/>
      </FileInfo>
    </File>
    <Config>
      <Option Name="TargetConstrsFile" Val="$PSRCDIR/constrs_1/new/lift_stu.xdc"/>
      <Option Name="ConstrsType" Val="XDC"/>
    </Config>
  </FileSet>
  <Strategy Version="1" Minor="2">
    <StratHandle Name="Vivado Implementation Defaults" Flow="Vivado Implementation 2017"/>
    <Step Id="init_design"/>
    <Step Id="opt_design"/>
    <Step Id="power_opt_design"/>
    <Step Id="place_design"/>
    <Step Id="post_place_power_opt_design"/>
    <Step Id="phys_opt_design"/>
    <Step Id="route_design"/>
    <Step Id="post_route_phys_opt_design"/>
    <Step Id="write_bitstream"/>
  </Strategy>
</GenRun>
