<?xml version="1.0" encoding="UTF-8"?>
<GenRun Id="synth_1" LaunchPart="xc7a35tcsg324-3" LaunchTime="1498470912">
  <File Type="RDS-PROPCONSTRS" Name="lift_stu_drc_synth.rpt"/>
  <File Type="PA-TCL" Name="lift_stu.tcl"/>
  <File Type="RDS-RDS" Name="lift_stu.vds"/>
  <File Type="RDS-UTIL" Name="lift_stu_utilization_synth.rpt"/>
  <File Type="RDS-UTIL-PB" Name="lift_stu_utilization_synth.pb"/>
  <File Type="RDS-DCP" Name="lift_stu.dcp"/>
  <File Type="VDS-TIMINGSUMMARY" Name="lift_stu_timing_summary_synth.rpt"/>
  <File Type="VDS-TIMING-PB" Name="lift_stu_timing_summary_synth.pb"/>
  <FileSet Name="sources" Type="DesignSrcs" RelSrcDir="$PSRCDIR/sources_1">
    <Filter Type="Srcs"/>
    <File Path="$PSRCDIR/sources_1/new/lift_stu.v">
      <FileInfo>
        <Attr Name="UsedIn" Val="synthesis"/>
        <Attr Name="UsedIn" Val="implementation"/>
        <Attr Name="UsedIn" Val="simulation"/>
      </FileInfo>
    </File>
    <Config>
      <Option Name="DesignMode" Val="RTL"/>
      <Option Name="TopModule" Val="lift_stu"/>
      <Option Name="TopAutoSet" Val="TRUE"/>
    </Config>
  </FileSet>
  <FileSet Name="constrs_in" Type="Constrs" RelSrcDir="$PSRCDIR/constrs_1">
    <Filter Type="Constrs"/>
    <File Path="$PSRCDIR/constrs_1/new/lift_stu.xdc">
      <FileInfo>
        <Attr Name="UsedIn" Val="synthesis"/>
        <Attr Name="UsedIn" Val="implementation"/>
      </FileInfo>
    </File>
    <Config>
      <Option Name="TargetConstrsFile" Val="$PSRCDIR/constrs_1/new/lift_stu.xdc"/>
      <Option Name="ConstrsType" Val="XDC"/>
    </Config>
  </FileSet>
  <Strategy Version="1" Minor="2">
    <StratHandle Name="Vivado Synthesis Defaults" Flow="Vivado Synthesis 2017"/>
    <Step Id="synth_design"/>
  </Strategy>
</GenRun>
